,Player,last_letter,player_id,url
0,quincy acy,a,acyqu01,http://www.basketball-reference.com/players/a/acyqu01.html
1,jordan adams,a,adamsjo01,http://www.basketball-reference.com/players/a/adamsjo01.html
2,steven adams,a,adamsst01,http://www.basketball-reference.com/players/a/adamsst01.html
3,arron afflalo,a,afflaar01,http://www.basketball-reference.com/players/a/afflaar01.html
4,alexis ajinca,a,ajincal01,http://www.basketball-reference.com/players/a/ajincal01.html
5,cole aldrich,a,aldrico01,http://www.basketball-reference.com/players/a/aldrico01.html
6,lamarcus aldridge,a,aldrila01,http://www.basketball-reference.com/players/a/aldrila01.html
7,cliff alexander,a,alexacl01,http://www.basketball-reference.com/players/a/alexacl01.html
8,lavoy allen,a,allenla01,http://www.basketball-reference.com/players/a/allenla01.html
9,tony allen,a,allento01,http://www.basketball-reference.com/players/a/allento01.html
10,al-farouq aminu,a,aminual01,http://www.basketball-reference.com/players/a/aminual01.html
11,lou amundson,a,amundlo01,http://www.basketball-reference.com/players/a/amundlo01.html
12,chris andersen,a,anderch01,http://www.basketball-reference.com/players/a/anderch01.html
13,alan anderson,a,anderal01,http://www.basketball-reference.com/players/a/anderal01.html
14,james anderson,a,anderja01,http://www.basketball-reference.com/players/a/anderja01.html
15,justin anderson,a,anderju01,http://www.basketball-reference.com/players/a/anderju01.html
16,kyle anderson,a,anderky01,http://www.basketball-reference.com/players/a/anderky01.html
17,ryan anderson,a,anderry01,http://www.basketball-reference.com/players/a/anderry01.html
18,giannis antetokounmpo,a,antetgi01,http://www.basketball-reference.com/players/a/antetgi01.html
19,thanasis antetokounmpo,a,antetth01,http://www.basketball-reference.com/players/a/antetth01.html
20,carmelo anthony,a,anthoca01,http://www.basketball-reference.com/players/a/anthoca01.html
21,joel anthony,a,anthojo01,http://www.basketball-reference.com/players/a/anthojo01.html
22,keith appling,a,applike01,http://www.basketball-reference.com/players/a/applike01.html
23,trevor ariza,a,arizatr01,http://www.basketball-reference.com/players/a/arizatr01.html
24,darrell arthur,a,arthuda01,http://www.basketball-reference.com/players/a/arthuda01.html
25,omer asik,a,asikom01,http://www.basketball-reference.com/players/a/asikom01.html
26,dj augustin,a,augusdj01,http://www.basketball-reference.com/players/a/augusdj01.html
27,jeff ayres,a,ayresje01,http://www.basketball-reference.com/players/a/ayresje01.html
28,luke babbitt,b,babbilu01,http://www.basketball-reference.com/players/b/babbilu01.html
29,cameron bairstow,b,bairsca01,http://www.basketball-reference.com/players/b/bairsca01.html
30,leandro barbosa,b,barbole01,http://www.basketball-reference.com/players/b/barbole01.html
31,jj barea,b,bareajj01,http://www.basketball-reference.com/players/b/bareajj01.html
32,andrea bargnani,b,bargnan01,http://www.basketball-reference.com/players/b/bargnan01.html
33,harrison barnes,b,barneha01,http://www.basketball-reference.com/players/b/barneha01.html
34,matt barnes,b,barnema01,http://www.basketball-reference.com/players/b/barnema01.html
35,will barton,b,bartowi01,http://www.basketball-reference.com/players/b/bartowi01.html
36,brandon bass,b,bassbr01,http://www.basketball-reference.com/players/b/bassbr01.html
37,nicolas batum,b,batumni01,http://www.basketball-reference.com/players/b/batumni01.html
38,jerryd bayless,b,bayleje01,http://www.basketball-reference.com/players/b/bayleje01.html
39,aron baynes,b,baynear01,http://www.basketball-reference.com/players/b/baynear01.html
40,kent bazemore,b,bazemke01,http://www.basketball-reference.com/players/b/bazemke01.html
41,bradley beal,b,bealbr01,http://www.basketball-reference.com/players/b/bealbr01.html
42,michael beasley,b,beaslmi01,http://www.basketball-reference.com/players/b/beaslmi01.html
43,marco belinelli,b,belinma01,http://www.basketball-reference.com/players/b/belinma01.html
44,anthony bennett,b,bennean01,http://www.basketball-reference.com/players/b/bennean01.html
45,patrick beverley,b,beverpa01,http://www.basketball-reference.com/players/b/beverpa01.html
46,bismack biyombo,b,biyombi01,http://www.basketball-reference.com/players/b/biyombi01.html
47,nemanja bjelica,b,bjeline01,http://www.basketball-reference.com/players/b/bjeline01.html
48,tarik black,b,blackta01,http://www.basketball-reference.com/players/b/blackta01.html
49,dejuan blair,b,blairde01,http://www.basketball-reference.com/players/b/blairde01.html
50,steve blake,b,blakest01,http://www.basketball-reference.com/players/b/blakest01.html
51,eric bledsoe,b,bledser01,http://www.basketball-reference.com/players/b/bledser01.html
52,bojan bogdanovic,b,bogdabo01,http://www.basketball-reference.com/players/b/bogdabo01.html
53,andrew bogut,b,bogutan01,http://www.basketball-reference.com/players/b/bogutan01.html
54,matt bonner,b,bonnema01,http://www.basketball-reference.com/players/b/bonnema01.html
55,devin booker,b,bookede01,http://www.basketball-reference.com/players/b/bookede01.html
56,trevor booker,b,booketr01,http://www.basketball-reference.com/players/b/booketr01.html
57,chris bosh,b,boshch01,http://www.basketball-reference.com/players/b/boshch01.html
58,avery bradley,b,bradlav01,http://www.basketball-reference.com/players/b/bradlav01.html
59,elton brand,b,brandel01,http://www.basketball-reference.com/players/b/brandel01.html
60,corey brewer,b,breweco01,http://www.basketball-reference.com/players/b/breweco01.html
61,aaron brooks,b,brookaa01,http://www.basketball-reference.com/players/b/brookaa01.html
62,anthony brown,b,brownan01,http://www.basketball-reference.com/players/b/brownan01.html
63,lorenzo brown,b,brownlo01,http://www.basketball-reference.com/players/b/brownlo01.html
64,markel brown,b,brownma01,http://www.basketball-reference.com/players/b/brownma01.html
65,kobe bryant,b,bryanko01,http://www.basketball-reference.com/players/b/bryanko01.html
66,chase budinger,b,budinch01,http://www.basketball-reference.com/players/b/budinch01.html
67,reggie bullock,b,bullore01,http://www.basketball-reference.com/players/b/bullore01.html
68,trey burke,b,burketr01,http://www.basketball-reference.com/players/b/burketr01.html
69,alec burks,b,burksal01,http://www.basketball-reference.com/players/b/burksal01.html
70,caron butler,b,butleca01,http://www.basketball-reference.com/players/b/butleca01.html
71,jimmy butler,b,butleji01,http://www.basketball-reference.com/players/b/butleji01.html
72,rasual butler,b,butlera01,http://www.basketball-reference.com/players/b/butlera01.html
73,bruno caboclo,c,cabocbr01,http://www.basketball-reference.com/players/c/cabocbr01.html
74,jose calderon,c,caldejo01,http://www.basketball-reference.com/players/c/caldejo01.html
75,kentavious caldwell-pope,c,caldwke01,http://www.basketball-reference.com/players/c/caldwke01.html
76,isaiah canaan,c,canaais01,http://www.basketball-reference.com/players/c/canaais01.html
77,clint capela,c,capelcl01,http://www.basketball-reference.com/players/c/capelcl01.html
78,demarre carroll,c,carrode01,http://www.basketball-reference.com/players/c/carrode01.html
79,vince carter,c,cartevi01,http://www.basketball-reference.com/players/c/cartevi01.html
80,michael carter-williams,c,cartemi01,http://www.basketball-reference.com/players/c/cartemi01.html
81,omri casspi,c,casspom01,http://www.basketball-reference.com/players/c/casspom01.html
82,willie cauley-stein,c,caulewi01,http://www.basketball-reference.com/players/c/caulewi01.html
83,mario chalmers,c,chalmma01,http://www.basketball-reference.com/players/c/chalmma01.html
84,tyson chandler,c,chandty01,http://www.basketball-reference.com/players/c/chandty01.html
85,rakeem christmas,c,chrisra01,http://www.basketball-reference.com/players/c/chrisra01.html
86,ian clark,c,clarkia01,http://www.basketball-reference.com/players/c/clarkia01.html
87,coty clarke,c,clarkco01,http://www.basketball-reference.com/players/c/clarkco01.html
88,jordan clarkson,c,clarkjo01,http://www.basketball-reference.com/players/c/clarkjo01.html
89,norris cole,c,coleno01,http://www.basketball-reference.com/players/c/coleno01.html
90,darren collison,c,collida01,http://www.basketball-reference.com/players/c/collida01.html
91,nick collison,c,collini01,http://www.basketball-reference.com/players/c/collini01.html
92,mike conley,c,conlemi01,http://www.basketball-reference.com/players/c/conlemi01.html
93,pat connaughton,c,connapa01,http://www.basketball-reference.com/players/c/connapa01.html
94,chris copeland,c,copelch01,http://www.basketball-reference.com/players/c/copelch01.html
95,bryce cotton,c,cottobr01,http://www.basketball-reference.com/players/c/cottobr01.html
96,demarcus cousins,c,couside01,http://www.basketball-reference.com/players/c/couside01.html
97,robert covington,c,covinro01,http://www.basketball-reference.com/players/c/covinro01.html
98,allen crabbe,c,crabbal01,http://www.basketball-reference.com/players/c/crabbal01.html
99,jamal crawford,c,crawfja01,http://www.basketball-reference.com/players/c/crawfja01.html
100,jae crowder,c,crowdja01,http://www.basketball-reference.com/players/c/crowdja01.html
101,dante cunningham,c,cunnida01,http://www.basketball-reference.com/players/c/cunnida01.html
102,jared cunningham,c,cunnija01,http://www.basketball-reference.com/players/c/cunnija01.html
103,seth curry,c,curryse01,http://www.basketball-reference.com/players/c/curryse01.html
104,stephen curry,c,curryst01,http://www.basketball-reference.com/players/c/curryst01.html
105,troy daniels,d,danietr01,http://www.basketball-reference.com/players/d/danietr01.html
106,anthony davis,d,davisan01,http://www.basketball-reference.com/players/d/davisan01.html
107,ed davis,d,davised01,http://www.basketball-reference.com/players/d/davised01.html
108,branden dawson,d,dawsobr01,http://www.basketball-reference.com/players/d/dawsobr01.html
109,dewayne dedmon,d,dedmode01,http://www.basketball-reference.com/players/d/dedmode01.html
110,bryce dejean-jones,d,dejeabr01,http://www.basketball-reference.com/players/d/dejeabr01.html
111,sam dekker,d,dekkesa01,http://www.basketball-reference.com/players/d/dekkesa01.html
112,matthew dellavedova,d,dellama01,http://www.basketball-reference.com/players/d/dellama01.html
113,luol deng,d,denglu01,http://www.basketball-reference.com/players/d/denglu01.html
114,demar derozan,d,derozde01,http://www.basketball-reference.com/players/d/derozde01.html
115,boris diaw,d,diawbo01,http://www.basketball-reference.com/players/d/diawbo01.html
116,gorgui dieng,d,dienggo01,http://www.basketball-reference.com/players/d/dienggo01.html
117,spencer dinwiddie,d,dinwisp01,http://www.basketball-reference.com/players/d/dinwisp01.html
118,toney douglas,d,douglto01,http://www.basketball-reference.com/players/d/douglto01.html
119,goran dragic,d,dragigo01,http://www.basketball-reference.com/players/d/dragigo01.html
120,andre drummond,d,drumman01,http://www.basketball-reference.com/players/d/drumman01.html
121,jared dudley,d,dudleja01,http://www.basketball-reference.com/players/d/dudleja01.html
122,duje dukan,d,dukandu01,http://www.basketball-reference.com/players/d/dukandu01.html
123,tim duncan,d,duncati01,http://www.basketball-reference.com/players/d/duncati01.html
124,mike dunleavy,d,dunlemi01,http://www.basketball-reference.com/players/d/dunlemi01.html
125,kevin durant,d,duranke01,http://www.basketball-reference.com/players/d/duranke01.html
126,cleanthony early,e,earlycl01,http://www.basketball-reference.com/players/e/earlycl01.html
127,jarell eddie,e,eddieja01,http://www.basketball-reference.com/players/e/eddieja01.html
128,wayne ellington,e,ellinwa01,http://www.basketball-reference.com/players/e/ellinwa01.html
129,monta ellis,e,ellismo01,http://www.basketball-reference.com/players/e/ellismo01.html
130,james ennis,e,ennisja01,http://www.basketball-reference.com/players/e/ennisja01.html
131,tyler ennis,e,ennisty01,http://www.basketball-reference.com/players/e/ennisty01.html
132,jeremy evans,e,evansje01,http://www.basketball-reference.com/players/e/evansje01.html
133,tyreke evans,e,evansty01,http://www.basketball-reference.com/players/e/evansty01.html
134,festus ezeli,e,ezelife01,http://www.basketball-reference.com/players/e/ezelife01.html
135,kenneth faried,f,farieke01,http://www.basketball-reference.com/players/f/farieke01.html
136,jordan farmar,f,farmajo01,http://www.basketball-reference.com/players/f/farmajo01.html
137,derrick favors,f,favorde01,http://www.basketball-reference.com/players/f/favorde01.html
138,cristiano felicio,f,feliccr01,http://www.basketball-reference.com/players/f/feliccr01.html
139,raymond felton,f,feltora01,http://www.basketball-reference.com/players/f/feltora01.html
140,evan fournier,f,fournev01,http://www.basketball-reference.com/players/f/fournev01.html
141,randy foye,f,foyera01,http://www.basketball-reference.com/players/f/foyera01.html
142,tim frazier,f,fraziti01,http://www.basketball-reference.com/players/f/fraziti01.html
143,jimmer fredette,f,fredeji01,http://www.basketball-reference.com/players/f/fredeji01.html
144,channing frye,f,fryech01,http://www.basketball-reference.com/players/f/fryech01.html
145,danilo gallinari,g,gallida01,http://www.basketball-reference.com/players/g/gallida01.html
146,langston galloway,g,gallola01,http://www.basketball-reference.com/players/g/gallola01.html
147,kevin garnett,g,garneke01,http://www.basketball-reference.com/players/g/garneke01.html
148,marc gasol,g,gasolma01,http://www.basketball-reference.com/players/g/gasolma01.html
149,pau gasol,g,gasolpa01,http://www.basketball-reference.com/players/g/gasolpa01.html
150,rudy gay,g,gayru01,http://www.basketball-reference.com/players/g/gayru01.html
151,alonzo gee,g,geeal01,http://www.basketball-reference.com/players/g/geeal01.html
152,paul george,g,georgpa01,http://www.basketball-reference.com/players/g/georgpa01.html
153,taj gibson,g,gibsota01,http://www.basketball-reference.com/players/g/gibsota01.html
154,manu ginobili,g,ginobma01,http://www.basketball-reference.com/players/g/ginobma01.html
155,rudy gobert,g,goberru01,http://www.basketball-reference.com/players/g/goberru01.html
156,drew gooden,g,goodedr01,http://www.basketball-reference.com/players/g/goodedr01.html
157,archie goodwin,g,goodwar01,http://www.basketball-reference.com/players/g/goodwar01.html
158,aaron gordon,g,gordoaa01,http://www.basketball-reference.com/players/g/gordoaa01.html
159,eric gordon,g,gordoer01,http://www.basketball-reference.com/players/g/gordoer01.html
160,marcin gortat,g,gortama01,http://www.basketball-reference.com/players/g/gortama01.html
161,andrew goudelock,g,goudean01,http://www.basketball-reference.com/players/g/goudean01.html
162,jerami grant,g,grantje01,http://www.basketball-reference.com/players/g/grantje01.html
163,jerian grant,g,grantje01,http://www.basketball-reference.com/players/g/grantje01.html
164,danny green,g,greenda01,http://www.basketball-reference.com/players/g/greenda01.html
165,draymond green,g,greendr01,http://www.basketball-reference.com/players/g/greendr01.html
166,erick green,g,greener01,http://www.basketball-reference.com/players/g/greener01.html
167,gerald green,g,greenge01,http://www.basketball-reference.com/players/g/greenge01.html
168,jamychal green,g,greenja01,http://www.basketball-reference.com/players/g/greenja01.html
169,jeff green,g,greenje01,http://www.basketball-reference.com/players/g/greenje01.html
170,blake griffin,g,griffbl01,http://www.basketball-reference.com/players/g/griffbl01.html
171,jorge gutierrez,g,gutiejo01,http://www.basketball-reference.com/players/g/gutiejo01.html
172,pj hairston,h,hairspj01,http://www.basketball-reference.com/players/h/hairspj01.html
173,jordan hamilton,h,hamiljo01,http://www.basketball-reference.com/players/h/hamiljo01.html
174,tyler hansbrough,h,hansbty01,http://www.basketball-reference.com/players/h/hansbty01.html
175,tim hardaway,h,hardati01,http://www.basketball-reference.com/players/h/hardati01.html
176,james harden,h,hardeja01,http://www.basketball-reference.com/players/h/hardeja01.html
177,maurice harkless,h,harklma01,http://www.basketball-reference.com/players/h/harklma01.html
178,justin harper,h,harpeju01,http://www.basketball-reference.com/players/h/harpeju01.html
179,montrezl harrell,h,harremo01,http://www.basketball-reference.com/players/h/harremo01.html
180,devin harris,h,harride01,http://www.basketball-reference.com/players/h/harride01.html
181,gary harris,h,harriga01,http://www.basketball-reference.com/players/h/harriga01.html
182,joe harris,h,harrijo01,http://www.basketball-reference.com/players/h/harrijo01.html
183,tobias harris,h,harrito01,http://www.basketball-reference.com/players/h/harrito01.html
184,aaron harrison,h,harriaa01,http://www.basketball-reference.com/players/h/harriaa01.html
185,udonis haslem,h,hasleud01,http://www.basketball-reference.com/players/h/hasleud01.html
186,spencer hawes,h,hawessp01,http://www.basketball-reference.com/players/h/hawessp01.html
187,chuck hayes,h,hayesch01,http://www.basketball-reference.com/players/h/hayesch01.html
188,gordon hayward,h,haywago01,http://www.basketball-reference.com/players/h/haywago01.html
189,gerald henderson,h,hendege01,http://www.basketball-reference.com/players/h/hendege01.html
190,john henson,h,hensojo01,http://www.basketball-reference.com/players/h/hensojo01.html
191,mario hezonja,h,hezonma01,http://www.basketball-reference.com/players/h/hezonma01.html
192,roy hibbert,h,hibbero01,http://www.basketball-reference.com/players/h/hibbero01.html
193,jj hickson,h,hicksjj01,http://www.basketball-reference.com/players/h/hicksjj01.html
194,nene hilario,h,hilarne01,http://www.basketball-reference.com/players/h/hilarne01.html
195,george hill,h,hillge01,http://www.basketball-reference.com/players/h/hillge01.html
196,jordan hill,h,hilljo01,http://www.basketball-reference.com/players/h/hilljo01.html
197,solomon hill,h,hillso01,http://www.basketball-reference.com/players/h/hillso01.html
198,darrun hilliard,h,hillida01,http://www.basketball-reference.com/players/h/hillida01.html
199,kirk hinrich,h,hinriki01,http://www.basketball-reference.com/players/h/hinriki01.html
200,jrue holiday,h,holidjr01,http://www.basketball-reference.com/players/h/holidjr01.html
201,justin holiday,h,holidju01,http://www.basketball-reference.com/players/h/holidju01.html
202,ryan hollins,h,holliry01,http://www.basketball-reference.com/players/h/holliry01.html
203,rondae hollis-jefferson,h,holliro01,http://www.basketball-reference.com/players/h/holliro01.html
204,richaun holmes,h,holmeri01,http://www.basketball-reference.com/players/h/holmeri01.html
205,rodney hood,h,hoodro01,http://www.basketball-reference.com/players/h/hoodro01.html
206,al horford,h,horfoal01,http://www.basketball-reference.com/players/h/horfoal01.html
207,dwight howard,h,howardw01,http://www.basketball-reference.com/players/h/howardw01.html
208,marcelo huertas,h,huertma01,http://www.basketball-reference.com/players/h/huertma01.html
209,josh huestis,h,huestjo01,http://www.basketball-reference.com/players/h/huestjo01.html
210,kris humphries,h,humphkr01,http://www.basketball-reference.com/players/h/humphkr01.html
211,rj hunter,h,hunterj01,http://www.basketball-reference.com/players/h/hunterj01.html
212,serge ibaka,i,ibakase01,http://www.basketball-reference.com/players/i/ibakase01.html
213,andre iguodala,i,iguodan01,http://www.basketball-reference.com/players/i/iguodan01.html
214,ersan ilyasova,i,ilyaser01,http://www.basketball-reference.com/players/i/ilyaser01.html
215,joe ingles,i,inglejo01,http://www.basketball-reference.com/players/i/inglejo01.html
216,damien inglis,i,inglida01,http://www.basketball-reference.com/players/i/inglida01.html
217,kyrie irving,i,irvinky01,http://www.basketball-reference.com/players/i/irvinky01.html
218,jarrett jack,j,jackja01,http://www.basketball-reference.com/players/j/jackja01.html
219,reggie jackson,j,jacksre01,http://www.basketball-reference.com/players/j/jacksre01.html
220,lebron james,j,jamesle01,http://www.basketball-reference.com/players/j/jamesle01.html
221,al jefferson,j,jeffeal01,http://www.basketball-reference.com/players/j/jeffeal01.html
222,cory jefferson,j,jeffeco01,http://www.basketball-reference.com/players/j/jeffeco01.html
223,richard jefferson,j,jefferi01,http://www.basketball-reference.com/players/j/jefferi01.html
224,john jenkins,j,jenkijo01,http://www.basketball-reference.com/players/j/jenkijo01.html
225,brandon jennings,j,jennibr01,http://www.basketball-reference.com/players/j/jennibr01.html
226,jonas jerebko,j,jerebjo01,http://www.basketball-reference.com/players/j/jerebjo01.html
227,amir johnson,j,johnsam01,http://www.basketball-reference.com/players/j/johnsam01.html
228,chris johnson,j,johnsch01,http://www.basketball-reference.com/players/j/johnsch01.html
229,james johnson,j,johnsja01,http://www.basketball-reference.com/players/j/johnsja01.html
230,joe johnson,j,johnsjo01,http://www.basketball-reference.com/players/j/johnsjo01.html
231,orlando johnson,j,johnsor01,http://www.basketball-reference.com/players/j/johnsor01.html
232,stanley johnson,j,johnsst01,http://www.basketball-reference.com/players/j/johnsst01.html
233,tyler johnson,j,johnsty01,http://www.basketball-reference.com/players/j/johnsty01.html
234,wesley johnson,j,johnswe01,http://www.basketball-reference.com/players/j/johnswe01.html
235,nikola jokic,j,jokicni01,http://www.basketball-reference.com/players/j/jokicni01.html
236,dahntay jones,j,jonesda01,http://www.basketball-reference.com/players/j/jonesda01.html
237,james jones,j,jonesja01,http://www.basketball-reference.com/players/j/jonesja01.html
238,terrence jones,j,joneste01,http://www.basketball-reference.com/players/j/joneste01.html
239,tyus jones,j,jonesty01,http://www.basketball-reference.com/players/j/jonesty01.html
240,deandre jordan,j,jordade01,http://www.basketball-reference.com/players/j/jordade01.html
241,cory joseph,j,josepco01,http://www.basketball-reference.com/players/j/josepco01.html
242,chris kaman,k,kamanch01,http://www.basketball-reference.com/players/k/kamanch01.html
243,frank kaminsky,k,kaminfr01,http://www.basketball-reference.com/players/k/kaminfr01.html
244,enes kanter,k,kanteen01,http://www.basketball-reference.com/players/k/kanteen01.html
245,sergey karasev,k,karasse01,http://www.basketball-reference.com/players/k/karasse01.html
246,sasha kaun,k,kaunsa01,http://www.basketball-reference.com/players/k/kaunsa01.html
247,ryan kelly,k,kellyry01,http://www.basketball-reference.com/players/k/kellyry01.html
248,michael kidd-gilchrist,k,kidd-mi01,http://www.basketball-reference.com/players/k/kidd-mi01.html
249,sean kilpatrick,k,kilpase01,http://www.basketball-reference.com/players/k/kilpase01.html
250,brandon knight,k,knighbr01,http://www.basketball-reference.com/players/k/knighbr01.html
251,kyle korver,k,korveky01,http://www.basketball-reference.com/players/k/korveky01.html
252,kosta koufos,k,koufoko01,http://www.basketball-reference.com/players/k/koufoko01.html
253,jeremy lamb,l,lambje01,http://www.basketball-reference.com/players/l/lambje01.html
254,carl landry,l,landrca01,http://www.basketball-reference.com/players/l/landrca01.html
255,shane larkin,l,larkish01,http://www.basketball-reference.com/players/l/larkish01.html
256,joffrey lauvergne,l,lauvejo01,http://www.basketball-reference.com/players/l/lauvejo01.html
257,zach lavine,l,lavinza01,http://www.basketball-reference.com/players/l/lavinza01.html
258,ty lawson,l,lawsoty01,http://www.basketball-reference.com/players/l/lawsoty01.html
259,courtney lee,l,leeco01,http://www.basketball-reference.com/players/l/leeco01.html
260,david lee,l,leeda01,http://www.basketball-reference.com/players/l/leeda01.html
261,alex len,l,lenal01,http://www.basketball-reference.com/players/l/lenal01.html
262,kawhi leonard,l,leonaka01,http://www.basketball-reference.com/players/l/leonaka01.html
263,meyers leonard,l,leoname01,http://www.basketball-reference.com/players/l/leoname01.html
264,jon leuer,l,leuerjo01,http://www.basketball-reference.com/players/l/leuerjo01.html
265,damian lillard,l,lillada01,http://www.basketball-reference.com/players/l/lillada01.html
266,jeremy lin,l,linje01,http://www.basketball-reference.com/players/l/linje01.html
267,shaun livingston,l,livinsh01,http://www.basketball-reference.com/players/l/livinsh01.html
268,kevon looney,l,looneke01,http://www.basketball-reference.com/players/l/looneke01.html
269,brook lopez,l,lopezbr01,http://www.basketball-reference.com/players/l/lopezbr01.html
270,robin lopez,l,lopezro01,http://www.basketball-reference.com/players/l/lopezro01.html
271,kevin love,l,loveke01,http://www.basketball-reference.com/players/l/loveke01.html
272,kyle lowry,l,lowryky01,http://www.basketball-reference.com/players/l/lowryky01.html
273,trey lyles,l,lylestr01,http://www.basketball-reference.com/players/l/lylestr01.html
274,shelvin mack,m,macksh01,http://www.basketball-reference.com/players/m/macksh01.html
275,ian mahinmi,m,mahinia01,http://www.basketball-reference.com/players/m/mahinia01.html
276,devyn marble,m,marblde01,http://www.basketball-reference.com/players/m/marblde01.html
277,boban marjanovic,m,marjabo01,http://www.basketball-reference.com/players/m/marjabo01.html
278,kendall marshall,m,marshke01,http://www.basketball-reference.com/players/m/marshke01.html
279,jarell martin,m,martija01,http://www.basketball-reference.com/players/m/martija01.html
280,kevin martin,m,martike01,http://www.basketball-reference.com/players/m/martike01.html
281,wesley matthews,m,matthwe01,http://www.basketball-reference.com/players/m/matthwe01.html
282,oj mayo,m,mayooj01,http://www.basketball-reference.com/players/m/mayooj01.html
283,luc mbah a moute,m,mbahlu01,http://www.basketball-reference.com/players/m/mbahlu01.html
284,james michael mcadoo,m,michaja01,http://www.basketball-reference.com/players/m/michaja01.html
285,ray mccallum,m,mccalra01,http://www.basketball-reference.com/players/m/mccalra01.html
286,cj mccollum,m,mccolcj01,http://www.basketball-reference.com/players/m/mccolcj01.html
287,tj mcconnell,m,mccontj01,http://www.basketball-reference.com/players/m/mccontj01.html
288,chris mccullough,m,mcculch01,http://www.basketball-reference.com/players/m/mcculch01.html
289,kj mcdaniels,m,mcdankj01,http://www.basketball-reference.com/players/m/mcdankj01.html
290,doug mcdermott,m,mcderdo01,http://www.basketball-reference.com/players/m/mcderdo01.html
291,mitch mcgary,m,mcgarmi01,http://www.basketball-reference.com/players/m/mcgarmi01.html
292,javale mcgee,m,mcgeeja01,http://www.basketball-reference.com/players/m/mcgeeja01.html
293,ben mclemore,m,mclembe01,http://www.basketball-reference.com/players/m/mclembe01.html
294,jordan mcrae,m,mcraejo01,http://www.basketball-reference.com/players/m/mcraejo01.html
295,josh mcroberts,m,mcrobjo01,http://www.basketball-reference.com/players/m/mcrobjo01.html
296,jodie meeks,m,meeksjo01,http://www.basketball-reference.com/players/m/meeksjo01.html
297,salah mejri,m,mejrisa01,http://www.basketball-reference.com/players/m/mejrisa01.html
298,jordan mickey,m,mickejo01,http://www.basketball-reference.com/players/m/mickejo01.html
299,khris middleton,m,middlkh01,http://www.basketball-reference.com/players/m/middlkh01.html
300,cj miles,m,milescj01,http://www.basketball-reference.com/players/m/milescj01.html
301,andre miller,m,millean01,http://www.basketball-reference.com/players/m/millean01.html
302,mike miller,m,millemi01,http://www.basketball-reference.com/players/m/millemi01.html
303,patty mills,m,millspa01,http://www.basketball-reference.com/players/m/millspa01.html
304,elijah millsap,m,millsel01,http://www.basketball-reference.com/players/m/millsel01.html
305,paul millsap,m,millspa01,http://www.basketball-reference.com/players/m/millspa01.html
306,nikola mirotic,m,mirotni01,http://www.basketball-reference.com/players/m/mirotni01.html
307,nazr mohammed,m,mohamna01,http://www.basketball-reference.com/players/m/mohamna01.html
308,greg monroe,m,monrogr01,http://www.basketball-reference.com/players/m/monrogr01.html
309,luis montero,m,montelu01,http://www.basketball-reference.com/players/m/montelu01.html
310,etwaun moore,m,mooreet01,http://www.basketball-reference.com/players/m/mooreet01.html
311,eric moreland,m,moreler01,http://www.basketball-reference.com/players/m/moreler01.html
312,marcus morris,m,morrima01,http://www.basketball-reference.com/players/m/morrima01.html
313,markieff morris,m,morrima01,http://www.basketball-reference.com/players/m/morrima01.html
314,anthony morrow,m,morroan01,http://www.basketball-reference.com/players/m/morroan01.html
315,donatas motiejunas,m,motiedo01,http://www.basketball-reference.com/players/m/motiedo01.html
316,timofey mozgov,m,mozgoti01,http://www.basketball-reference.com/players/m/mozgoti01.html
317,emmanuel mudiay,m,mudiaem01,http://www.basketball-reference.com/players/m/mudiaem01.html
318,shabazz muhammad,m,muhamsh01,http://www.basketball-reference.com/players/m/muhamsh01.html
319,xavier munford,m,munfoxa01,http://www.basketball-reference.com/players/m/munfoxa01.html
320,mike muscala,m,muscami01,http://www.basketball-reference.com/players/m/muscami01.html
321,larry nance jr,n,nancela01,http://www.basketball-reference.com/players/n/nancela01.html
322,shabazz napier,n,napiesh01,http://www.basketball-reference.com/players/n/napiesh01.html
323,gary neal,n,nealga01,http://www.basketball-reference.com/players/n/nealga01.html
324,jameer nelson,n,nelsoja01,http://www.basketball-reference.com/players/n/nelsoja01.html
325,raul neto,n,netora01,http://www.basketball-reference.com/players/n/netora01.html
326,andrew nicholson,n,nichoan01,http://www.basketball-reference.com/players/n/nichoan01.html
327,joakim noah,n,noahjo01,http://www.basketball-reference.com/players/n/noahjo01.html
328,nerlens noel,n,noelne01,http://www.basketball-reference.com/players/n/noelne01.html
329,lucas nogueira,n,noguelu01,http://www.basketball-reference.com/players/n/noguelu01.html
330,steve novak,n,novakst01,http://www.basketball-reference.com/players/n/novakst01.html
331,dirk nowitzki,n,nowitdi01,http://www.basketball-reference.com/players/n/nowitdi01.html
332,jusuf nurkic,n,nurkiju01,http://www.basketball-reference.com/players/n/nurkiju01.html
333,jj obrien,o,obriejj01,http://www.basketball-reference.com/players/o/obriejj01.html
334,johnny obryant,o,obryajo01,http://www.basketball-reference.com/players/o/obryajo01.html
335,kyle oquinn,o,oquinky01,http://www.basketball-reference.com/players/o/oquinky01.html
336,jahlil okafor,o,okafoja01,http://www.basketball-reference.com/players/o/okafoja01.html
337,victor oladipo,o,oladivi01,http://www.basketball-reference.com/players/o/oladivi01.html
338,kelly olynyk,o,olynyke01,http://www.basketball-reference.com/players/o/olynyke01.html
339,kelly oubre,o,oubreke01,http://www.basketball-reference.com/players/o/oubreke01.html
340,zaza pachulia,p,pachuza01,http://www.basketball-reference.com/players/p/pachuza01.html
341,kostas papanikolaou,p,papanko01,http://www.basketball-reference.com/players/p/papanko01.html
342,jabari parker,p,parkeja01,http://www.basketball-reference.com/players/p/parkeja01.html
343,tony parker,p,parketo01,http://www.basketball-reference.com/players/p/parketo01.html
344,chandler parsons,p,parsoch01,http://www.basketball-reference.com/players/p/parsoch01.html
345,lamar patterson,p,pattela01,http://www.basketball-reference.com/players/p/pattela01.html
346,patrick patterson,p,pattepa01,http://www.basketball-reference.com/players/p/pattepa01.html
347,chris paul,p,paulch01,http://www.basketball-reference.com/players/p/paulch01.html
348,adreian payne,p,paynead01,http://www.basketball-reference.com/players/p/paynead01.html
349,cameron payne,p,payneca01,http://www.basketball-reference.com/players/p/payneca01.html
350,elfrid payton,p,paytoel01,http://www.basketball-reference.com/players/p/paytoel01.html
351,nikola pekovic,p,pekovni01,http://www.basketball-reference.com/players/p/pekovni01.html
352,kendrick perkins,p,perkike01,http://www.basketball-reference.com/players/p/perkike01.html
353,paul pierce,p,piercpa01,http://www.basketball-reference.com/players/p/piercpa01.html
354,tibor pleiss,p,pleisti01,http://www.basketball-reference.com/players/p/pleisti01.html
355,mason plumlee,p,plumlma01,http://www.basketball-reference.com/players/p/plumlma01.html
356,miles plumlee,p,plumlmi01,http://www.basketball-reference.com/players/p/plumlmi01.html
357,otto porter,p,porteot01,http://www.basketball-reference.com/players/p/porteot01.html
358,bobby portis,p,portibo01,http://www.basketball-reference.com/players/p/portibo01.html
359,kristaps porzingis,p,porzikr01,http://www.basketball-reference.com/players/p/porzikr01.html
360,dwight powell,p,poweldw01,http://www.basketball-reference.com/players/p/poweldw01.html
361,norman powell,p,powelno01,http://www.basketball-reference.com/players/p/powelno01.html
362,phil pressey,p,pressph01,http://www.basketball-reference.com/players/p/pressph01.html
363,ronnie price,p,pricero01,http://www.basketball-reference.com/players/p/pricero01.html
364,pablo prigioni,p,prigipa01,http://www.basketball-reference.com/players/p/prigipa01.html
365,tayshaun prince,p,princta01,http://www.basketball-reference.com/players/p/princta01.html
366,julius randle,r,randlju01,http://www.basketball-reference.com/players/r/randlju01.html
367,zach randolph,r,randoza01,http://www.basketball-reference.com/players/r/randoza01.html
368,jj redick,r,redicjj01,http://www.basketball-reference.com/players/r/redicjj01.html
369,willie reed,r,reedwi01,http://www.basketball-reference.com/players/r/reedwi01.html
370,josh richardson,r,richajo01,http://www.basketball-reference.com/players/r/richajo01.html
371,austin rivers,r,riverau01,http://www.basketball-reference.com/players/r/riverau01.html
372,andre roberson,r,roberan01,http://www.basketball-reference.com/players/r/roberan01.html
373,brian roberts,r,roberbr01,http://www.basketball-reference.com/players/r/roberbr01.html
374,glenn robinson,r,robingl01,http://www.basketball-reference.com/players/r/robingl01.html
375,nate robinson,r,robinna01,http://www.basketball-reference.com/players/r/robinna01.html
376,thomas robinson,r,robinth01,http://www.basketball-reference.com/players/r/robinth01.html
377,rajon rondo,r,rondora01,http://www.basketball-reference.com/players/r/rondora01.html
378,derrick rose,r,rosede01,http://www.basketball-reference.com/players/r/rosede01.html
379,terrence ross,r,rosste01,http://www.basketball-reference.com/players/r/rosste01.html
380,terry rozier,r,roziete01,http://www.basketball-reference.com/players/r/roziete01.html
381,ricky rubio,r,rubiori01,http://www.basketball-reference.com/players/r/rubiori01.html
382,damjan rudez,r,rudezda01,http://www.basketball-reference.com/players/r/rudezda01.html
383,brandon rush,r,rushbr01,http://www.basketball-reference.com/players/r/rushbr01.html
384,dangelo russell,r,russeda01,http://www.basketball-reference.com/players/r/russeda01.html
385,robert sacre,s,sacrero01,http://www.basketball-reference.com/players/s/sacrero01.html
386,jakarr sampson,s,sampsja01,http://www.basketball-reference.com/players/s/sampsja01.html
387,dennis schroder,s,schrode01,http://www.basketball-reference.com/players/s/schrode01.html
388,luis scola,s,scolalu01,http://www.basketball-reference.com/players/s/scolalu01.html
389,mike scott,s,scottmi01,http://www.basketball-reference.com/players/s/scottmi01.html
390,thabo sefolosha,s,sefolth01,http://www.basketball-reference.com/players/s/sefolth01.html
391,kevin seraphin,s,serapke01,http://www.basketball-reference.com/players/s/serapke01.html
392,ramon sessions,s,sessira01,http://www.basketball-reference.com/players/s/sessira01.html
393,iman shumpert,s,shumpim01,http://www.basketball-reference.com/players/s/shumpim01.html
394,jonathon simmons,s,simmojo01,http://www.basketball-reference.com/players/s/simmojo01.html
395,henry sims,s,simshe01,http://www.basketball-reference.com/players/s/simshe01.html
396,kyle singler,s,singlky01,http://www.basketball-reference.com/players/s/singlky01.html
397,donald sloan,s,sloando01,http://www.basketball-reference.com/players/s/sloando01.html
398,marcus smart,s,smartma01,http://www.basketball-reference.com/players/s/smartma01.html
399,greg smith,s,smithgr01,http://www.basketball-reference.com/players/s/smithgr01.html
400,ish smith,s,smithis01,http://www.basketball-reference.com/players/s/smithis01.html
401,jr smith,s,smithjr01,http://www.basketball-reference.com/players/s/smithjr01.html
402,jason smith,s,smithja01,http://www.basketball-reference.com/players/s/smithja01.html
403,josh smith,s,smithjo01,http://www.basketball-reference.com/players/s/smithjo01.html
404,russ smith,s,smithru01,http://www.basketball-reference.com/players/s/smithru01.html
405,tony snell,s,snellto01,http://www.basketball-reference.com/players/s/snellto01.html
406,marreese speights,s,speigma01,http://www.basketball-reference.com/players/s/speigma01.html
407,tiago splitter,s,splitti01,http://www.basketball-reference.com/players/s/splitti01.html
408,nik stauskas,s,stausni01,http://www.basketball-reference.com/players/s/stausni01.html
409,lance stephenson,s,stephla01,http://www.basketball-reference.com/players/s/stephla01.html
410,alex stepheson,s,stephal01,http://www.basketball-reference.com/players/s/stephal01.html
411,jarnell stokes,s,stokeja01,http://www.basketball-reference.com/players/s/stokeja01.html
412,amare stoudemire,s,stoudam01,http://www.basketball-reference.com/players/s/stoudam01.html
413,rodney stuckey,s,stuckro01,http://www.basketball-reference.com/players/s/stuckro01.html
414,jared sullinger,s,sullija01,http://www.basketball-reference.com/players/s/sullija01.html
415,walter tavares,t,tavarwa01,http://www.basketball-reference.com/players/t/tavarwa01.html
416,jeff teague,t,teaguje01,http://www.basketball-reference.com/players/t/teaguje01.html
417,mirza teletovic,t,teletmi01,http://www.basketball-reference.com/players/t/teletmi01.html
418,garrett temple,t,templga01,http://www.basketball-reference.com/players/t/templga01.html
419,jason terry,t,terryja01,http://www.basketball-reference.com/players/t/terryja01.html
420,isaiah thomas,t,thomais01,http://www.basketball-reference.com/players/t/thomais01.html
421,lance thomas,t,thomala01,http://www.basketball-reference.com/players/t/thomala01.html
422,hollis thompson,t,thompho01,http://www.basketball-reference.com/players/t/thompho01.html
423,jason thompson,t,thompja01,http://www.basketball-reference.com/players/t/thompja01.html
424,klay thompson,t,thompkl01,http://www.basketball-reference.com/players/t/thompkl01.html
425,tristan thompson,t,thomptr01,http://www.basketball-reference.com/players/t/thomptr01.html
426,marcus thornton,t,thornma01,http://www.basketball-reference.com/players/t/thornma01.html
427,anthony tolliver,t,tollian01,http://www.basketball-reference.com/players/t/tollian01.html
428,axel toupane,t,toupaax01,http://www.basketball-reference.com/players/t/toupaax01.html
429,karl-anthony towns,t,townska01,http://www.basketball-reference.com/players/t/townska01.html
430,pj tucker,t,tuckepj01,http://www.basketball-reference.com/players/t/tuckepj01.html
431,evan turner,t,turneev01,http://www.basketball-reference.com/players/t/turneev01.html
432,myles turner,t,turnemy01,http://www.basketball-reference.com/players/t/turnemy01.html
433,beno udrih,u,udrihbe01,http://www.basketball-reference.com/players/u/udrihbe01.html
434,jonas valanciunas,v,valanjo01,http://www.basketball-reference.com/players/v/valanjo01.html
435,anderson varejao,v,varejan01,http://www.basketball-reference.com/players/v/varejan01.html
436,greivis vasquez,v,vasqugr01,http://www.basketball-reference.com/players/v/vasqugr01.html
437,rashad vaughn,v,vaughra01,http://www.basketball-reference.com/players/v/vaughra01.html
438,charlie villanueva,v,villach01,http://www.basketball-reference.com/players/v/villach01.html
439,noah vonleh,v,vonleno01,http://www.basketball-reference.com/players/v/vonleno01.html
440,nikola vucevic,v,vucevni01,http://www.basketball-reference.com/players/v/vucevni01.html
441,sasha vujacic,v,vujacsa01,http://www.basketball-reference.com/players/v/vujacsa01.html
442,dwyane wade,w,wadedw01,http://www.basketball-reference.com/players/w/wadedw01.html
443,dion waiters,w,waitedi01,http://www.basketball-reference.com/players/w/waitedi01.html
444,kemba walker,w,walkeke01,http://www.basketball-reference.com/players/w/walkeke01.html
445,john wall,w,walljo01,http://www.basketball-reference.com/players/w/walljo01.html
446,tj warren,w,warretj01,http://www.basketball-reference.com/players/w/warretj01.html
447,cj watson,w,watsocj01,http://www.basketball-reference.com/players/w/watsocj01.html
448,briante weber,w,weberbr01,http://www.basketball-reference.com/players/w/weberbr01.html
449,sonny weems,w,weemsso01,http://www.basketball-reference.com/players/w/weemsso01.html
450,david west,w,westda01,http://www.basketball-reference.com/players/w/westda01.html
451,russell westbrook,w,westbru01,http://www.basketball-reference.com/players/w/westbru01.html
452,hassan whiteside,w,whiteha01,http://www.basketball-reference.com/players/w/whiteha01.html
453,shayne whittington,w,whittsh01,http://www.basketball-reference.com/players/w/whittsh01.html
454,andrew wiggins,w,wiggian01,http://www.basketball-reference.com/players/w/wiggian01.html
455,cj wilcox,w,wilcocj01,http://www.basketball-reference.com/players/w/wilcocj01.html
456,alan williams,w,willial01,http://www.basketball-reference.com/players/w/willial01.html
457,deron williams,w,willide01,http://www.basketball-reference.com/players/w/willide01.html
458,derrick williams,w,willide01,http://www.basketball-reference.com/players/w/willide01.html
459,elliot williams,w,williel01,http://www.basketball-reference.com/players/w/williel01.html
460,lou williams,w,willilo01,http://www.basketball-reference.com/players/w/willilo01.html
461,marvin williams,w,willima01,http://www.basketball-reference.com/players/w/willima01.html
462,mo williams,w,willimo01,http://www.basketball-reference.com/players/w/willimo01.html
463,justise winslow,w,winslju01,http://www.basketball-reference.com/players/w/winslju01.html
464,jeff withey,w,witheje01,http://www.basketball-reference.com/players/w/witheje01.html
465,christian wood,w,woodch01,http://www.basketball-reference.com/players/w/woodch01.html
466,metta world peace,w,worldme01,http://www.basketball-reference.com/players/w/worldme01.html
467,brandan wright,w,wrighbr01,http://www.basketball-reference.com/players/w/wrighbr01.html
468,delon wright,w,wrighde01,http://www.basketball-reference.com/players/w/wrighde01.html
469,tony wroten,w,wroteto01,http://www.basketball-reference.com/players/w/wroteto01.html
470,james young,y,youngja01,http://www.basketball-reference.com/players/y/youngja01.html
471,joe young,y,youngjo01,http://www.basketball-reference.com/players/y/youngjo01.html
472,nick young,y,youngni01,http://www.basketball-reference.com/players/y/youngni01.html
473,thaddeus young,y,youngth01,http://www.basketball-reference.com/players/y/youngth01.html
474,cody zeller,z,zelleco01,http://www.basketball-reference.com/players/z/zelleco01.html
475,tyler zeller,z,zellety01,http://www.basketball-reference.com/players/z/zellety01.html
