,Players,last_letter,player_id,url0,Alex Abrines,a,abrinal01,http://www.basketball-reference.com/players/a/abrinal01.html1,Quincy Acy,a,acyqu01,http://www.basketball-reference.com/players/a/acyqu01.html2,Steven Adams,a,adamsst01,http://www.basketball-reference.com/players/a/adamsst01.html3,Arron Afflalo,a,afflaar01,http://www.basketball-reference.com/players/a/afflaar01.html4,Alexis Ajinca,a,ajincal01,http://www.basketball-reference.com/players/a/ajincal01.html5,Cole Aldrich,a,aldrico01,http://www.basketball-reference.com/players/a/aldrico01.html6,LaMarcus Aldridge,a,aldrila01,http://www.basketball-reference.com/players/a/aldrila01.html7,Lavoy Allen,a,allenla01,http://www.basketball-reference.com/players/a/allenla01.html8,Tony Allen,a,allento01,http://www.basketball-reference.com/players/a/allento01.html9,Al-Farouq Aminu,a,aminual01,http://www.basketball-reference.com/players/a/aminual01.html10,Chris Andersen,a,anderch01,http://www.basketball-reference.com/players/a/anderch01.html11,Alan Anderson,a,anderal01,http://www.basketball-reference.com/players/a/anderal01.html12,Justin Anderson,a,anderju01,http://www.basketball-reference.com/players/a/anderju01.html13,Kyle Anderson,a,anderky01,http://www.basketball-reference.com/players/a/anderky01.html14,Ryan Anderson,a,anderry01,http://www.basketball-reference.com/players/a/anderry01.html15,Giannis Antetokounmpo,a,antetgi01,http://www.basketball-reference.com/players/a/antetgi01.html16,Carmelo Anthony,a,anthoca01,http://www.basketball-reference.com/players/a/anthoca01.html17,Joel Anthony,a,anthojo01,http://www.basketball-reference.com/players/a/anthojo01.html18,Trevor Ariza,a,arizatr01,http://www.basketball-reference.com/players/a/arizatr01.html19,Darrell Arthur,a,arthuda01,http://www.basketball-reference.com/players/a/arthuda01.html20,Omer Asik,a,asikom01,http://www.basketball-reference.com/players/a/asikom01.html21,D.J. Augustin,a,augusdj01,http://www.basketball-reference.com/players/a/augusdj01.html22,Luke Babbitt,b,babbilu01,http://www.basketball-reference.com/players/b/babbilu01.html23,Ron Baker,b,bakerro01,http://www.basketball-reference.com/players/b/bakerro01.html24,Wade Baldwin,b,baldwwa01,http://www.basketball-reference.com/players/b/baldwwa01.html25,Leandro Barbosa,b,barbole01,http://www.basketball-reference.com/players/b/barbole01.html26,J.J. Barea,b,bareajj01,http://www.basketball-reference.com/players/b/bareajo01.html27,Harrison Barnes,b,barneha01,http://www.basketball-reference.com/players/b/barneha02.html28,Matt Barnes,b,barnema01,http://www.basketball-reference.com/players/b/barnema02.html29,Will Barton,b,bartowi01,http://www.basketball-reference.com/players/b/bartowi01.html30,Brandon Bass,b,bassbr01,http://www.basketball-reference.com/players/b/bassbr01.html31,Nicolas Batum,b,batumni01,http://www.basketball-reference.com/players/b/batumni01.html32,Jerryd Bayless,b,bayleje01,http://www.basketball-reference.com/players/b/bayleje01.html33,Aron Baynes,b,baynear01,http://www.basketball-reference.com/players/b/baynear01.html34,Kent Bazemore,b,bazemke01,http://www.basketball-reference.com/players/b/bazemke01.html35,Bradley Beal,b,bealbr01,http://www.basketball-reference.com/players/b/bealbr01.html36,Malik Beasley,b,beaslma01,http://www.basketball-reference.com/players/b/beaslma01.html37,Michael Beasley,b,beaslmi01,http://www.basketball-reference.com/players/b/beaslmi01.html38,Marco Belinelli,b,belinma01,http://www.basketball-reference.com/players/b/belinma01.html39,DeAndre' Bembry,b,bembrde01,http://www.basketball-reference.com/players/b/bembrde01.html40,Dragan Bender,b,bendedr01,http://www.basketball-reference.com/players/b/bendedr01.html41,Anthony Bennett,b,bennean01,http://www.basketball-reference.com/players/b/bennean01.html42,Davis Bertans,b,bertada01,http://www.basketball-reference.com/players/b/bertada01.html43,Patrick Beverley,b,beverpa01,http://www.basketball-reference.com/players/b/beverpa01.html44,Bismack Biyombo,b,biyombi01,http://www.basketball-reference.com/players/b/biyombi01.html45,Nemanja Bjelica,b,bjeline01,http://www.basketball-reference.com/players/b/bjeline01.html46,Tarik Black,b,blackta01,http://www.basketball-reference.com/players/b/blackta01.html47,Eric Bledsoe,b,bledser01,http://www.basketball-reference.com/players/b/bledser01.html48,Bojan Bogdanovic,b,bogdabo01,http://www.basketball-reference.com/players/b/bogdabo02.html49,Andrew Bogut,b,bogutan01,http://www.basketball-reference.com/players/b/bogutan01.html50,Joel Bolomboy,b,bolomjo01,http://www.basketball-reference.com/players/b/bolomjo01.html51,Devin Booker,b,bookede01,http://www.basketball-reference.com/players/b/bookede01.html52,Trevor Booker,b,booketr01,http://www.basketball-reference.com/players/b/booketr01.html53,Avery Bradley,b,bradlav01,http://www.basketball-reference.com/players/b/bradlav01.html54,Corey Brewer,b,breweco01,http://www.basketball-reference.com/players/b/breweco01.html55,Malcolm Brogdon,b,brogdma01,http://www.basketball-reference.com/players/b/brogdma01.html56,Aaron Brooks,b,brookaa01,http://www.basketball-reference.com/players/b/brookaa01.html57,Anthony Brown,b,brownan01,http://www.basketball-reference.com/players/b/brownan02.html58,Bobby Brown,b,brownbo01,http://www.basketball-reference.com/players/b/brownbo02.html59,Jaylen Brown,b,brownja01,http://www.basketball-reference.com/players/b/brownja02.html60,Nicolas Brussino,b,brussni01,http://www.basketball-reference.com/players/b/brussni01.html61,Reggie Bullock,b,bullore01,http://www.basketball-reference.com/players/b/bullore01.html62,Trey Burke,b,burketr01,http://www.basketball-reference.com/players/b/burketr01.html63,Alec Burks,b,burksal01,http://www.basketball-reference.com/players/b/burksal01.html64,Jimmy Butler,b,butleji01,http://www.basketball-reference.com/players/b/butleji01.html65,Bruno Caboclo,c,cabocbr01,http://www.basketball-reference.com/players/c/cabocbr01.html66,Jose Calderon,c,caldejo01,http://www.basketball-reference.com/players/c/caldejo01.html67,Kentavious Caldwell-Pope,c,caldwke01,http://www.basketball-reference.com/players/c/caldwke01.html68,Isaiah Canaan,c,canaais01,http://www.basketball-reference.com/players/c/canaais01.html69,Clint Capela,c,capelcl01,http://www.basketball-reference.com/players/c/capelca01.html70,DeMarre Carroll,c,carrode01,http://www.basketball-reference.com/players/c/carrode01.html71,Vince Carter,c,cartevi01,http://www.basketball-reference.com/players/c/cartevi01.html72,Michael Carter-Williams,c,cartemi01,http://www.basketball-reference.com/players/c/cartemi01.html73,Omri Casspi,c,casspom01,http://www.basketball-reference.com/players/c/casspom01.html74,Willie Cauley-Stein,c,caulewi01,http://www.basketball-reference.com/players/c/caulewi01.html75,Tyson Chandler,c,chandty01,http://www.basketball-reference.com/players/c/chandty01.html76,Wilson Chandler,c,chandwi01,http://www.basketball-reference.com/players/c/chandwi01.html77,Marquese Chriss,c,chrisma01,http://www.basketball-reference.com/players/c/chrisma01.html78,Rakeem Christmas,c,chrisra01,http://www.basketball-reference.com/players/c/chrisra01.html79,Semaj Christon,c,chrisse01,http://www.basketball-reference.com/players/c/chrisse01.html80,Ian Clark,c,clarkia01,http://www.basketball-reference.com/players/c/clarkia01.html81,Jordan Clarkson,c,clarkjo01,http://www.basketball-reference.com/players/c/clarkjo01.html82,Darren Collison,c,collida01,http://www.basketball-reference.com/players/c/collida01.html83,Nick Collison,c,collini01,http://www.basketball-reference.com/players/c/collini01.html84,Mike Conley,c,conlemi01,http://www.basketball-reference.com/players/c/conlemi01.html85,Pat Connaughton,c,connapa01,http://www.basketball-reference.com/players/c/connapa01.html86,DeMarcus Cousins,c,couside01,http://www.basketball-reference.com/players/c/couside01.html87,Robert Covington,c,covinro01,http://www.basketball-reference.com/players/c/covinro01.html88,Allen Crabbe,c,crabbal01,http://www.basketball-reference.com/players/c/crabbal01.html89,Jamal Crawford,c,crawfja01,http://www.basketball-reference.com/players/c/crawfja01.html90,Jae Crowder,c,crowdja01,http://www.basketball-reference.com/players/c/crowdja01.html91,Dante Cunningham,c,cunnida01,http://www.basketball-reference.com/players/c/cunnida01.html92,Seth Curry,c,curryse01,http://www.basketball-reference.com/players/c/curryse01.html93,Stephen Curry,c,curryst01,http://www.basketball-reference.com/players/c/curryst01.html94,Troy Daniels,d,danietr01,http://www.basketball-reference.com/players/d/danietr01.html95,Anthony Davis,d,davisan01,http://www.basketball-reference.com/players/d/davisan02.html96,Deyonta Davis,d,davisde01,http://www.basketball-reference.com/players/d/davisde01.html97,Ed Davis,d,davised01,http://www.basketball-reference.com/players/d/davised01.html98,Dewayne Dedmon,d,dedmode01,http://www.basketball-reference.com/players/d/dedmode01.html99,Sam Dekker,d,dekkesa01,http://www.basketball-reference.com/players/d/dekkesa01.html100,Malcolm Delaney,d,delanma01,http://www.basketball-reference.com/players/d/delanma01.html101,Matthew Dellavedova,d,dellama01,http://www.basketball-reference.com/players/d/dellama01.html102,Luol Deng,d,denglu01,http://www.basketball-reference.com/players/d/denglu01.html103,DeMar DeRozan,d,derozde01,http://www.basketball-reference.com/players/d/derozde01.html104,Cheick Diallo,d,diallch01,http://www.basketball-reference.com/players/d/diallch01.html105,Boris Diaw,d,diawbo01,http://www.basketball-reference.com/players/d/diawbo01.html106,Gorgui Dieng,d,dienggo01,http://www.basketball-reference.com/players/d/dienggo01.html107,Spencer Dinwiddie,d,dinwisp01,http://www.basketball-reference.com/players/d/dinwisp01.html108,Toney Douglas,d,douglto01,http://www.basketball-reference.com/players/d/douglto01.html109,Goran Dragic,d,dragigo01,http://www.basketball-reference.com/players/d/dragigo01.html110,Andre Drummond,d,drumman01,http://www.basketball-reference.com/players/d/drumman01.html111,Jared Dudley,d,dudleja01,http://www.basketball-reference.com/players/d/dudleja01.html112,Mike Dunleavy,d,dunlemi01,http://www.basketball-reference.com/players/d/dunlemi01.html113,Kris Dunn,d,dunnkr01,http://www.basketball-reference.com/players/d/dunnkr01.html114,Kevin Durant,d,duranke01,http://www.basketball-reference.com/players/d/duranke01.html115,Henry Ellenson,e,ellenhe01,http://www.basketball-reference.com/players/e/ellenhe01.html116,Wayne Ellington,e,ellinwa01,http://www.basketball-reference.com/players/e/ellinwa01.html117,Monta Ellis,e,ellismo01,http://www.basketball-reference.com/players/e/ellismo01.html118,Joel Embiid,e,embiijo01,http://www.basketball-reference.com/players/e/embiijo01.html119,James Ennis,e,ennisja01,http://www.basketball-reference.com/players/e/ennisja01.html120,Tyler Ennis,e,ennisty01,http://www.basketball-reference.com/players/e/ennisty01.html121,Tyreke Evans,e,evansty01,http://www.basketball-reference.com/players/e/evansty01.html122,Dante Exum,e,exumda01,http://www.basketball-reference.com/players/e/exumda01.html123,Kenneth Faried,f,farieke01,http://www.basketball-reference.com/players/f/farieke01.html124,Jordan Farmar,f,farmajo01,http://www.basketball-reference.com/players/f/farmajo01.html125,Derrick Favors,f,favorde01,http://www.basketball-reference.com/players/f/favorde01.html126,Kay Felder,f,feldeka01,http://www.basketball-reference.com/players/f/feldeka01.html127,Cristiano Felicio,f,feliccr01,http://www.basketball-reference.com/players/f/feliccr01.html128,Raymond Felton,f,feltora01,http://www.basketball-reference.com/players/f/feltora01.html129,Yogi Ferrell,f,ferreyo01,http://www.basketball-reference.com/players/f/ferreyo01.html130,Dorian Finney-Smith,f,finnedo01,http://www.basketball-reference.com/players/f/finnedo01.html131,Bryn Forbes,f,forbebr01,http://www.basketball-reference.com/players/f/forbebr01.html132,Evan Fournier,f,fournev01,http://www.basketball-reference.com/players/f/fournev01.html133,Randy Foye,f,foyera01,http://www.basketball-reference.com/players/f/foyera01.html134,Tim Frazier,f,fraziti01,http://www.basketball-reference.com/players/f/fraziti01.html135,Channing Frye,f,fryech01,http://www.basketball-reference.com/players/f/fryech01.html136,Danilo Gallinari,g,gallida01,http://www.basketball-reference.com/players/g/gallida01.html137,Langston Galloway,g,gallola01,http://www.basketball-reference.com/players/g/gallola01.html138,Marc Gasol,g,gasolma01,http://www.basketball-reference.com/players/g/gasolma01.html139,Pau Gasol,g,gasolpa01,http://www.basketball-reference.com/players/g/gasolpa01.html140,Rudy Gay,g,gayru01,http://www.basketball-reference.com/players/g/gayru01.html141,Michael Gbinije,g,gbinimi01,http://www.basketball-reference.com/players/g/gbinimi01.html142,Alonzo Gee,g,geeal01,http://www.basketball-reference.com/players/g/geeal01.html143,Paul George,g,georgpa01,http://www.basketball-reference.com/players/g/georgpa01.html144,Jonathan Gibson,g,gibsojo01,http://www.basketball-reference.com/players/g/gibsojo01.html145,Taj Gibson,g,gibsota01,http://www.basketball-reference.com/players/g/gibsota01.html146,Manu Ginobili,g,ginobma01,http://www.basketball-reference.com/players/g/ginobma01.html147,Rudy Gobert,g,goberru01,http://www.basketball-reference.com/players/g/goberru01.html148,Archie Goodwin,g,goodwar01,http://www.basketball-reference.com/players/g/goodwar01.html149,Aaron Gordon,g,gordoaa01,http://www.basketball-reference.com/players/g/gordoaa01.html150,Eric Gordon,g,gordoer01,http://www.basketball-reference.com/players/g/gordoer01.html151,Marcin Gortat,g,gortama01,http://www.basketball-reference.com/players/g/gortama01.html152,Treveon Graham,g,grahatr01,http://www.basketball-reference.com/players/g/grahatr01.html153,Jerami Grant,g,grantje01,http://www.basketball-reference.com/players/g/grantje01.html154,Jerian Grant,g,grantje01,http://www.basketball-reference.com/players/g/grantje02.html155,Danny Green,g,greenda01,http://www.basketball-reference.com/players/g/greenda02.html156,Draymond Green,g,greendr01,http://www.basketball-reference.com/players/g/greendr01.html157,Gerald Green,g,greenge01,http://www.basketball-reference.com/players/g/greenge01.html158,JaMychal Green,g,greenja01,http://www.basketball-reference.com/players/g/greenja01.html159,Jeff Green,g,greenje01,http://www.basketball-reference.com/players/g/greenje02.html160,Blake Griffin,g,griffbl01,http://www.basketball-reference.com/players/g/griffbl01.html161,Justin Hamilton,h,hamilju01,http://www.basketball-reference.com/players/h/hamilju01.html162,A.J. Hammons,h,hammoaj01,http://www.basketball-reference.com/players/h/hammoaj01.html163,Tim Hardaway,h,hardati01,http://www.basketball-reference.com/players/h/hardati02.html164,James Harden,h,hardeja01,http://www.basketball-reference.com/players/h/hardeja01.html165,Maurice Harkless,h,harklma01,http://www.basketball-reference.com/players/h/harklma01.html166,Montrezl Harrell,h,harremo01,http://www.basketball-reference.com/players/h/harremo01.html167,Devin Harris,h,harride01,http://www.basketball-reference.com/players/h/harride01.html168,Gary Harris,h,harriga01,http://www.basketball-reference.com/players/h/harriga01.html169,Joe Harris,h,harrijo01,http://www.basketball-reference.com/players/h/harrijo01.html170,Tobias Harris,h,harrito01,http://www.basketball-reference.com/players/h/harrito02.html171,Aaron Harrison,h,harriaa01,http://www.basketball-reference.com/players/h/harriaa01.html172,Andrew Harrison,h,harrian01,http://www.basketball-reference.com/players/h/harrian01.html173,Udonis Haslem,h,hasleud01,http://www.basketball-reference.com/players/h/hasleud01.html174,Spencer Hawes,h,hawessp01,http://www.basketball-reference.com/players/h/hawessp01.html175,Gordon Hayward,h,haywago01,http://www.basketball-reference.com/players/h/haywago01.html176,Gerald Henderson,h,hendege01,http://www.basketball-reference.com/players/h/hendege02.html177,John Henson,h,hensojo01,http://www.basketball-reference.com/players/h/hensojo01.html178,Juan Hernangomez,h,hernaju01,http://www.basketball-reference.com/players/h/hernaju01.html179,Willy Hernangomez,h,hernawi01,http://www.basketball-reference.com/players/h/hernawi01.html180,Mario Hezonja,h,hezonma01,http://www.basketball-reference.com/players/h/hezonma01.html181,Roy Hibbert,h,hibbero01,http://www.basketball-reference.com/players/h/hibbero01.html182,Buddy Hield,h,hieldbu01,http://www.basketball-reference.com/players/h/hieldbu01.html183,Nene Hilario,h,hilarne01,http://www.basketball-reference.com/players/h/hilarne01.html184,George Hill,h,hillge01,http://www.basketball-reference.com/players/h/hillge01.html185,Jordan Hill,h,hilljo01,http://www.basketball-reference.com/players/h/hilljo01.html186,Solomon Hill,h,hillso01,http://www.basketball-reference.com/players/h/hillso01.html187,Darrun Hilliard,h,hillida01,http://www.basketball-reference.com/players/h/hillida01.html188,Jrue Holiday,h,holidjr01,http://www.basketball-reference.com/players/h/holidjr01.html189,Justin Holiday,h,holidju01,http://www.basketball-reference.com/players/h/holidju01.html190,Rondae Hollis-Jefferson,h,holliro01,http://www.basketball-reference.com/players/h/holliro01.html191,Richaun Holmes,h,holmeri01,http://www.basketball-reference.com/players/h/holmeri01.html192,Rodney Hood,h,hoodro01,http://www.basketball-reference.com/players/h/hoodro01.html193,Al Horford,h,horfoal01,http://www.basketball-reference.com/players/h/horfoal01.html194,Danuel House,h,houseda01,http://www.basketball-reference.com/players/h/houseda01.html195,Dwight Howard,h,howardw01,http://www.basketball-reference.com/players/h/howardw01.html196,Marcelo Huertas,h,huertma01,http://www.basketball-reference.com/players/h/huertma01.html197,Kris Humphries,h,humphkr01,http://www.basketball-reference.com/players/h/humphkr01.html198,R.J. Hunter,h,hunterj01,http://www.basketball-reference.com/players/h/hunterj01.html199,Serge Ibaka,i,ibakase01,http://www.basketball-reference.com/players/i/ibakase01.html200,Andre Iguodala,i,iguodan01,http://www.basketball-reference.com/players/i/iguodan01.html201,Ersan Ilyasova,i,ilyaser01,http://www.basketball-reference.com/players/i/ilyaser01.html202,Joe Ingles,i,inglejo01,http://www.basketball-reference.com/players/i/inglejo01.html203,Brandon Ingram,i,ingrabr01,http://www.basketball-reference.com/players/i/ingrabr01.html204,Kyrie Irving,i,irvinky01,http://www.basketball-reference.com/players/i/irvinky01.html205,Demetrius Jackson,j,jacksde01,http://www.basketball-reference.com/players/j/jacksde01.html206,Pierre Jackson,j,jackspi01,http://www.basketball-reference.com/players/j/jackspi01.html207,Reggie Jackson,j,jacksre01,http://www.basketball-reference.com/players/j/jacksre01.html208,LeBron James,j,jamesle01,http://www.basketball-reference.com/players/j/jamesle01.html209,Al Jefferson,j,jeffeal01,http://www.basketball-reference.com/players/j/jeffeal01.html210,Richard Jefferson,j,jefferi01,http://www.basketball-reference.com/players/j/jefferi01.html211,John Jenkins,j,jenkijo01,http://www.basketball-reference.com/players/j/jenkijo01.html212,Brandon Jennings,j,jennibr01,http://www.basketball-reference.com/players/j/jennibr01.html213,Jonas Jerebko,j,jerebjo01,http://www.basketball-reference.com/players/j/jerebjo01.html214,Amir Johnson,j,johnsam01,http://www.basketball-reference.com/players/j/johnsam01.html215,James Johnson,j,johnsja01,http://www.basketball-reference.com/players/j/johnsja01.html216,Joe Johnson,j,johnsjo01,http://www.basketball-reference.com/players/j/johnsjo02.html217,Stanley Johnson,j,johnsst01,http://www.basketball-reference.com/players/j/johnsst04.html218,Tyler Johnson,j,johnsty01,http://www.basketball-reference.com/players/j/johnsty01.html219,Wesley Johnson,j,johnswe01,http://www.basketball-reference.com/players/j/johnswe01.html220,Nikola Jokic,j,jokicni01,http://www.basketball-reference.com/players/j/jokicni01.html221,Damian Jones,j,jonesda01,http://www.basketball-reference.com/players/j/jonesda03.html222,Derrick Jones,j,jonesde01,http://www.basketball-reference.com/players/j/jonesde01.html223,James Jones,j,jonesja01,http://www.basketball-reference.com/players/j/jonesja02.html224,Terrence Jones,j,joneste01,http://www.basketball-reference.com/players/j/joneste01.html225,Tyus Jones,j,jonesty01,http://www.basketball-reference.com/players/j/jonesty01.html226,DeAndre Jordan,j,jordade01,http://www.basketball-reference.com/players/j/jordade01.html227,Cory Joseph,j,josepco01,http://www.basketball-reference.com/players/j/josepco01.html228,Frank Kaminsky,k,kaminfr01,http://www.basketball-reference.com/players/k/kaminfr01.html229,Enes Kanter,k,kanteen01,http://www.basketball-reference.com/players/k/kanteen01.html